{"cameraMode":{"drawMode":0,"name":"Shaded","section":"Shading Mode"},"sceneLighting":false,"audioPlay":false,"sceneViewState":{"m_AlwaysRefresh":false,"showFog":true,"showSkybox":false,"showFlares":true,"showImageEffects":true,"showParticleSystems":true,"showVisualEffectGraphs":true,"m_FxEnabled":true},"in2DMode":false,"pivot":{"x":-0.13141518831253053,"y":-0.5207571387290955,"z":-3.2241737842559816},"rotation":{"x":0.33955416083335879,"y":-0.585659921169281,"z":0.29554134607315066,"w":0.6735762357711792},"size":4.1482977867126469,"orthographic":false}