{"cameraMode":{"drawMode":0,"name":"Shaded","section":"Shading Mode"},"sceneLighting":true,"audioPlay":false,"sceneViewState":{"m_AlwaysRefresh":false,"showFog":true,"showSkybox":true,"showFlares":true,"showImageEffects":true,"showParticleSystems":true,"showVisualEffectGraphs":true,"m_FxEnabled":true},"in2DMode":false,"pivot":{"x":-39.474632263183597,"y":8.146037101745606,"z":43.37925338745117},"rotation":{"x":0.24515989422798158,"y":0.0841047465801239,"z":-0.021930061280727388,"w":0.9655237197875977},"size":190.9066162109375,"orthographic":false}