{"cameraMode":{"drawMode":0,"name":"Shaded","section":"Shading Mode"},"sceneLighting":true,"audioPlay":false,"sceneViewState":{"m_AlwaysRefresh":false,"showFog":true,"showSkybox":true,"showFlares":true,"showImageEffects":true,"showParticleSystems":true,"showVisualEffectGraphs":true,"m_FxEnabled":true},"in2DMode":false,"pivot":{"x":-247.85455322265626,"y":8.357382774353028,"z":3.2398431301116945},"rotation":{"x":-0.29850882291793826,"y":-0.032349057495594028,"z":0.010124199092388153,"w":-0.9538044929504395},"size":11.454729080200196,"orthographic":false}