{"cameraMode":{"drawMode":0,"name":"Shaded","section":"Shading Mode"},"sceneLighting":true,"audioPlay":false,"sceneViewState":{"m_AlwaysRefresh":false,"showFog":true,"showSkybox":true,"showFlares":true,"showImageEffects":true,"showParticleSystems":true,"showVisualEffectGraphs":true,"m_FxEnabled":true},"in2DMode":false,"pivot":{"x":9.201146125793457,"y":-9.155487060546875,"z":-19.053085327148439},"rotation":{"x":-0.5298776030540466,"y":-0.0005462581175379455,"z":0.00026961308321915567,"w":-0.8477884531021118},"size":132.09939575195313,"orthographic":false}